Token ID,Unit #,UNO amount,Owner Address
329,0,3,tz1hYznEL7P8PVMbKMaBqnP1JbUf7po1r3rh
330,1,3,tz2RbaM7gJSqjS2cVhxXNcF7CpxJnANKoh1i
331,2,3,tz1N5LxqGVNxim9F9hVAciPGqxNjqscL1eUL
332,3,3,tz1YHWL72KHVVRGxPfEA2r1jtLtuCmjM4hgW
333,4,3,tz1YHWL72KHVVRGxPfEA2r1jtLtuCmjM4hgW
334,5,3,tz1dpBQvPk249HtAtAgsNYFb8APDxz6KmeaL
335,6,3,tz1dvCEuewmo5wZwKq2vesBXyXz5vL6UpGNn
336,7,3,tz1YYjm7eTiuZYzAef6XaYCACJmVLicnc3i5
337,8,3,tz1YHWL72KHVVRGxPfEA2r1jtLtuCmjM4hgW
338,9,3,tz1WHUWCMqVqq5AagGN5DrytqWz88tYgedUr
339,10,3,tz1hYznEL7P8PVMbKMaBqnP1JbUf7po1r3rh
340,11,3,tz1ekke7Wn7h9i5QNDoDN1DcffR6RyuBTCka
341,12,3,tz1VjQwV2YrNchNz2CtCHaM6VhkyKXeiujmz
342,13,3,tz1L9o9zasQLvyxpSwhekofMAZQmjFP8wjVX
343,14,3,tz1XZpsGCkivdWYVas4nHuGfqRV6uZMLH2Gq
344,15,3,tz1ciDXpDiX7UK5zEcqvtcUSf5SLoNV5BWob
345,16,3,tz1ciDXpDiX7UK5zEcqvtcUSf5SLoNV5BWob
346,17,3,tz1UFtLJHzP8ngKYFLTky1VmQLnM6t2omoHP
347,18,3,tz1coEYWsh5bwhhCsK2Dc1SXTNQs1hWs1QtL
348,19,3,tz1XZpsGCkivdWYVas4nHuGfqRV6uZMLH2Gq
349,20,3,tz1YYjm7eTiuZYzAef6XaYCACJmVLicnc3i5
350,21,3,tz1hYznEL7P8PVMbKMaBqnP1JbUf7po1r3rh
351,22,3,tz1bhtcYKSfmUw8eNRHURsAhzzvqx2XZL5AE
352,23,3,tz1YUKwiv3uUMmjzdeQtAnrYk4aHh7KwFu93
353,24,3,tz1ekke7Wn7h9i5QNDoDN1DcffR6RyuBTCka
354,25,3,tz1WHUWCMqVqq5AagGN5DrytqWz88tYgedUr
355,26,3,tz1YHWL72KHVVRGxPfEA2r1jtLtuCmjM4hgW
356,27,3,tz1SpRwsAdsWshBeugtEaWD5PhesgzRvHVrn
357,28,3,tz1VjQwV2YrNchNz2CtCHaM6VhkyKXeiujmz
358,29,3,tz1bhtcYKSfmUw8eNRHURsAhzzvqx2XZL5AE
359,30,3,tz1dvCEuewmo5wZwKq2vesBXyXz5vL6UpGNn
360,31,3,tz1hYznEL7P8PVMbKMaBqnP1JbUf7po1r3rh
361,32,3,tz1ekke7Wn7h9i5QNDoDN1DcffR6RyuBTCka
362,33,3,tz1YUKwiv3uUMmjzdeQtAnrYk4aHh7KwFu93
363,34,3,tz1YUKwiv3uUMmjzdeQtAnrYk4aHh7KwFu93
364,35,3,tz1bvryvndKZo9yjcQeT29kQ4QgnQc3kUfFX
365,36,3,tz1ekke7Wn7h9i5QNDoDN1DcffR6RyuBTCka
366,37,3,tz1dpBQvPk249HtAtAgsNYFb8APDxz6KmeaL
367,38,3,tz1N5LxqGVNxim9F9hVAciPGqxNjqscL1eUL
368,39,3,tz1VjQwV2YrNchNz2CtCHaM6VhkyKXeiujmz
369,40,3,tz1WHUWCMqVqq5AagGN5DrytqWz88tYgedUr
370,41,3,tz1dvCEuewmo5wZwKq2vesBXyXz5vL6UpGNn
371,42,3,tz1VjQwV2YrNchNz2CtCHaM6VhkyKXeiujmz
372,43,3,tz1XZpsGCkivdWYVas4nHuGfqRV6uZMLH2Gq
373,44,3,tz1UFtLJHzP8ngKYFLTky1VmQLnM6t2omoHP
374,45,3,tz1MXiYFteGmabPX8MCmgydVgxRQuKzkGevs
375,46,3,tz1i2JtcxpbG2A2K914ahs9SJxTAqrLYArqN
376,47,3,tz1VjQwV2YrNchNz2CtCHaM6VhkyKXeiujmz
377,48,3,tz1MT9A2Fhs6PwsUXtYgVUxGNxHeuHX93sr8
378,49,3,tz1YUKwiv3uUMmjzdeQtAnrYk4aHh7KwFu93
379,50,3,tz1YHWL72KHVVRGxPfEA2r1jtLtuCmjM4hgW
380,51,3,tz1W19DveaP3mW4WvFtdVdqGsWwBL5q1QDSK
381,52,3,tz1W19DveaP3mW4WvFtdVdqGsWwBL5q1QDSK
382,53,3,tz1ciDXpDiX7UK5zEcqvtcUSf5SLoNV5BWob
383,54,3,tz1L9o9zasQLvyxpSwhekofMAZQmjFP8wjVX
384,55,3,tz1UFtLJHzP8ngKYFLTky1VmQLnM6t2omoHP
385,56,3,tz1YYjm7eTiuZYzAef6XaYCACJmVLicnc3i5
386,57,3,tz1XZpsGCkivdWYVas4nHuGfqRV6uZMLH2Gq
387,58,3,tz1N5LxqGVNxim9F9hVAciPGqxNjqscL1eUL
388,59,3,tz1coEYWsh5bwhhCsK2Dc1SXTNQs1hWs1QtL
389,60,3,tz1ekke7Wn7h9i5QNDoDN1DcffR6RyuBTCka
390,61,3,tz1dpBQvPk249HtAtAgsNYFb8APDxz6KmeaL
391,62,3,tz1VjQwV2YrNchNz2CtCHaM6VhkyKXeiujmz
392,63,3,tz1ekke7Wn7h9i5QNDoDN1DcffR6RyuBTCka
393,64,3,tz1hYznEL7P8PVMbKMaBqnP1JbUf7po1r3rh
399,65,3,tz1ekke7Wn7h9i5QNDoDN1DcffR6RyuBTCka
400,66,3,tz1d8WpF7A49H1fLqdTVTdoamQMj2A7fgBAY
401,67,3,tz1W19DveaP3mW4WvFtdVdqGsWwBL5q1QDSK
402,68,3,tz2RbaM7gJSqjS2cVhxXNcF7CpxJnANKoh1i
403,69,3,tz1N5LxqGVNxim9F9hVAciPGqxNjqscL1eUL
404,70,3,tz1WHUWCMqVqq5AagGN5DrytqWz88tYgedUr
405,71,3,tz1YUKwiv3uUMmjzdeQtAnrYk4aHh7KwFu93
406,72,3,tz1UFtLJHzP8ngKYFLTky1VmQLnM6t2omoHP
407,73,3,tz1UFtLJHzP8ngKYFLTky1VmQLnM6t2omoHP
408,74,3,tz1YHWL72KHVVRGxPfEA2r1jtLtuCmjM4hgW
409,75,3,tz1hwQpqunuVFqHeRpiWpshYx5fVG2NswExv
410,76,3,tz1ekke7Wn7h9i5QNDoDN1DcffR6RyuBTCka
411,77,3,tz1N5LxqGVNxim9F9hVAciPGqxNjqscL1eUL
412,78,3,tz1N5LxqGVNxim9F9hVAciPGqxNjqscL1eUL
413,79,3,tz1bhtcYKSfmUw8eNRHURsAhzzvqx2XZL5AE
414,80,3,tz1WHUWCMqVqq5AagGN5DrytqWz88tYgedUr
415,81,3,tz1bhtcYKSfmUw8eNRHURsAhzzvqx2XZL5AE
416,82,3,tz1MXiYFteGmabPX8MCmgydVgxRQuKzkGevs
417,83,3,tz1fE99znpJ8M7ix3Ve874BxR6JsQAMebb7A
418,84,3,tz1Qujbs7JQ2kha186vJUUQmhYbbvZhuUexW
419,85,3,tz1MT9A2Fhs6PwsUXtYgVUxGNxHeuHX93sr8
420,86,3,tz1N5LxqGVNxim9F9hVAciPGqxNjqscL1eUL
421,87,3,tz1MT9A2Fhs6PwsUXtYgVUxGNxHeuHX93sr8
422,88,3,tz1ciDXpDiX7UK5zEcqvtcUSf5SLoNV5BWob
423,89,3,tz1L9o9zasQLvyxpSwhekofMAZQmjFP8wjVX
424,90,3,tz1W19DveaP3mW4WvFtdVdqGsWwBL5q1QDSK
425,91,3,tz1XT3SAzJh47s5DxMJud63MWnvDftqWFtS3
426,92,3,tz1W19DveaP3mW4WvFtdVdqGsWwBL5q1QDSK
427,93,3,tz1XT3SAzJh47s5DxMJud63MWnvDftqWFtS3
428,94,3,tz1XT3SAzJh47s5DxMJud63MWnvDftqWFtS3
429,95,3,tz1W6VppMPG5DrirmXETxo3HtchkeuuGKoGa
430,96,3,tz1dpBQvPk249HtAtAgsNYFb8APDxz6KmeaL
431,97,3,tz1hD7VdzRpWG3nmYpCyW2gNc8mQNs3TCgxu
432,98,3,tz1bhtcYKSfmUw8eNRHURsAhzzvqx2XZL5AE
433,99,3,tz1N5LxqGVNxim9F9hVAciPGqxNjqscL1eUL
434,100,3,tz1MT9A2Fhs6PwsUXtYgVUxGNxHeuHX93sr8
435,101,3,tz1hwQpqunuVFqHeRpiWpshYx5fVG2NswExv
436,102,3,tz1ciDXpDiX7UK5zEcqvtcUSf5SLoNV5BWob
437,103,3,tz1ciDXpDiX7UK5zEcqvtcUSf5SLoNV5BWob
438,104,3,tz1MT9A2Fhs6PwsUXtYgVUxGNxHeuHX93sr8
439,105,3,tz1XT3SAzJh47s5DxMJud63MWnvDftqWFtS3
440,106,3,tz1N5LxqGVNxim9F9hVAciPGqxNjqscL1eUL
441,107,3,tz1XT3SAzJh47s5DxMJud63MWnvDftqWFtS3
442,108,3,tz1VjQwV2YrNchNz2CtCHaM6VhkyKXeiujmz
443,109,3,tz1XZpsGCkivdWYVas4nHuGfqRV6uZMLH2Gq
444,110,3,tz1XT3SAzJh47s5DxMJud63MWnvDftqWFtS3
445,111,3,tz1bhtcYKSfmUw8eNRHURsAhzzvqx2XZL5AE
446,112,3,tz1bvryvndKZo9yjcQeT29kQ4QgnQc3kUfFX
447,113,3,tz1N5LxqGVNxim9F9hVAciPGqxNjqscL1eUL
448,114,3,tz1YHWL72KHVVRGxPfEA2r1jtLtuCmjM4hgW
449,115,3,tz1bhtcYKSfmUw8eNRHURsAhzzvqx2XZL5AE
450,116,3,tz1LHh1BAEf7tJDZnqqF8pSS9Uy4dLhu3bGJ
451,117,3,tz1hwQpqunuVFqHeRpiWpshYx5fVG2NswExv
452,118,3,tz1coEYWsh5bwhhCsK2Dc1SXTNQs1hWs1QtL
453,119,3,tz1hwQpqunuVFqHeRpiWpshYx5fVG2NswExv
454,120,3,tz1YUKwiv3uUMmjzdeQtAnrYk4aHh7KwFu93
455,121,3,tz1UbLvNwVtexiYRSSi5amUTgoAZEfNH5vCH
456,122,3,tz1i2JtcxpbG2A2K914ahs9SJxTAqrLYArqN
457,123,3,tz1ekke7Wn7h9i5QNDoDN1DcffR6RyuBTCka
458,124,3,tz1VjQwV2YrNchNz2CtCHaM6VhkyKXeiujmz
459,125,3,tz1dpBQvPk249HtAtAgsNYFb8APDxz6KmeaL
460,126,3,tz1XZpsGCkivdWYVas4nHuGfqRV6uZMLH2Gq
461,127,3,tz1bvryvndKZo9yjcQeT29kQ4QgnQc3kUfFX
462,128,3,tz1VjQwV2YrNchNz2CtCHaM6VhkyKXeiujmz
463,129,3,tz1hwQpqunuVFqHeRpiWpshYx5fVG2NswExv
464,130,3,tz1N5LxqGVNxim9F9hVAciPGqxNjqscL1eUL
465,131,3,tz1hwQpqunuVFqHeRpiWpshYx5fVG2NswExv
466,132,3,tz1YHWL72KHVVRGxPfEA2r1jtLtuCmjM4hgW
467,133,3,tz1W19DveaP3mW4WvFtdVdqGsWwBL5q1QDSK
468,134,3,tz1YHWL72KHVVRGxPfEA2r1jtLtuCmjM4hgW
469,135,3,tz1N5LxqGVNxim9F9hVAciPGqxNjqscL1eUL
470,136,3,tz1VjQwV2YrNchNz2CtCHaM6VhkyKXeiujmz
471,137,3,tz1WHUWCMqVqq5AagGN5DrytqWz88tYgedUr
472,138,3,tz1hYznEL7P8PVMbKMaBqnP1JbUf7po1r3rh
473,139,3,tz1dpBQvPk249HtAtAgsNYFb8APDxz6KmeaL
474,140,3,tz1YqLPdYotajbBBowRTKeCCfFmAee2mLa7Q
475,141,3,tz1coEYWsh5bwhhCsK2Dc1SXTNQs1hWs1QtL
476,142,3,tz1YqLPdYotajbBBowRTKeCCfFmAee2mLa7Q
477,143,3,tz1ekke7Wn7h9i5QNDoDN1DcffR6RyuBTCka
478,144,3,tz1W19DveaP3mW4WvFtdVdqGsWwBL5q1QDSK
479,145,3,tz1XZpsGCkivdWYVas4nHuGfqRV6uZMLH2Gq
480,146,3,tz1XT3SAzJh47s5DxMJud63MWnvDftqWFtS3
481,147,3,tz1MXiYFteGmabPX8MCmgydVgxRQuKzkGevs
482,148,3,tz1YHWL72KHVVRGxPfEA2r1jtLtuCmjM4hgW
483,149,3,tz1XT3SAzJh47s5DxMJud63MWnvDftqWFtS3
